Date,Tesla_unscaled,Tesla_monthly,scale,Tesla
1/1/2018,86,,,
1/2/2018,89,,,
1/3/2018,94,,,
1/4/2018,100,,,
1/5/2018,94,,,
1/6/2018,94,,,
1/7/2018,98,25,0.25,24.5
1/8/2018,93,25,0.25,23.25
1/9/2018,92,25,0.25,23
1/10/2018,86,25,0.25,21.5
1/11/2018,88,25,0.25,22
1/12/2018,88,25,0.25,22
1/13/2018,90,25,0.25,22.5
1/14/2018,92,23,0.23,21.16
1/15/2018,86,23,0.23,19.78
1/16/2018,81,23,0.23,18.63
1/17/2018,84,23,0.23,19.32
1/18/2018,82,23,0.23,18.86
1/19/2018,86,23,0.23,19.78
1/20/2018,82,23,0.23,18.86
1/21/2018,81,24,0.24,19.44
1/22/2018,79,24,0.24,18.96
1/23/2018,93,24,0.24,22.32
1/24/2018,91,24,0.24,21.84
1/25/2018,90,24,0.24,21.6
1/26/2018,93,24,0.24,22.32
1/27/2018,89,24,0.24,21.36
1/28/2018,90,24,0.24,21.6
1/29/2018,87,24,0.24,20.88
1/30/2018,87,24,0.24,20.88
1/31/2018,86,24,0.24,20.64
2/1/2018,27,24,0.24,6.48
2/2/2018,27,24,0.24,6.48
2/3/2018,25,24,0.24,6
2/4/2018,26,49,0.49,12.74
2/5/2018,25,49,0.49,12.25
2/6/2018,53,49,0.49,25.97
2/7/2018,100,49,0.49,49
2/8/2018,77,49,0.49,37.73
2/9/2018,55,49,0.49,26.95
2/10/2018,48,49,0.49,23.52
2/11/2018,44,31,0.31,13.64
2/12/2018,40,31,0.31,12.4
2/13/2018,34,31,0.31,10.54
2/14/2018,31,31,0.31,9.61
2/15/2018,31,31,0.31,9.61
2/16/2018,30,31,0.31,9.3
2/17/2018,32,31,0.31,9.92
2/18/2018,30,26,0.26,7.8
2/19/2018,30,26,0.26,7.8
2/20/2018,28,26,0.26,7.28
2/21/2018,28,26,0.26,7.28
2/22/2018,29,26,0.26,7.54
2/23/2018,30,26,0.26,7.8
2/24/2018,28,26,0.26,7.28
2/25/2018,28,24,0.24,6.72
2/26/2018,28,24,0.24,6.72
2/27/2018,26,24,0.24,6.24
2/28/2018,26,24,0.24,6.24
3/1/2018,68,24,0.24,16.32
3/2/2018,69,24,0.24,16.56
3/3/2018,69,24,0.24,16.56
3/4/2018,66,23,0.23,15.18
3/5/2018,63,23,0.23,14.49
3/6/2018,69,23,0.23,15.87
3/7/2018,65,23,0.23,14.95
3/8/2018,67,23,0.23,15.41
3/9/2018,69,23,0.23,15.87
3/10/2018,68,23,0.23,15.64
3/11/2018,68,23,0.23,15.64
3/12/2018,66,23,0.23,15.18
3/13/2018,66,23,0.23,15.18
3/14/2018,64,23,0.23,14.72
3/15/2018,65,23,0.23,14.95
3/16/2018,64,23,0.23,14.72
3/17/2018,62,23,0.23,14.26
3/18/2018,64,23,0.23,14.72
3/19/2018,65,23,0.23,14.95
3/20/2018,64,23,0.23,14.72
3/21/2018,64,23,0.23,14.72
3/22/2018,66,23,0.23,15.18
3/23/2018,69,23,0.23,15.87
3/24/2018,70,23,0.23,16.1
3/25/2018,68,29,0.29,19.72
3/26/2018,67,29,0.29,19.43
3/27/2018,75,29,0.29,21.75
3/28/2018,100,29,0.29,29
3/29/2018,99,29,0.29,28.71
3/30/2018,100,29,0.29,29
3/31/2018,91,29,0.29,26.39
4/1/2018,77,30,0.3,23.1
4/2/2018,100,30,0.3,30
4/3/2018,91,30,0.3,27.3
4/4/2018,71,30,0.3,21.3
4/5/2018,69,30,0.3,20.7
4/6/2018,63,30,0.3,18.9
4/7/2018,57,30,0.3,17.1
4/8/2018,58,24,0.24,13.92
4/9/2018,60,24,0.24,14.4
4/10/2018,57,24,0.24,13.68
4/11/2018,56,24,0.24,13.44
4/12/2018,62,24,0.24,14.88
4/13/2018,66,24,0.24,15.84
4/14/2018,58,24,0.24,13.92
4/15/2018,56,24,0.24,13.44
4/16/2018,59,24,0.24,14.16
4/17/2018,68,24,0.24,16.32
4/18/2018,64,24,0.24,15.36
4/19/2018,63,24,0.24,15.12
4/20/2018,58,24,0.24,13.92
4/21/2018,59,24,0.24,14.16
4/22/2018,59,22,0.22,12.98
4/23/2018,62,22,0.22,13.64
4/24/2018,56,22,0.22,12.32
4/25/2018,55,22,0.22,12.1
4/26/2018,55,22,0.22,12.1
4/27/2018,55,22,0.22,12.1
4/28/2018,60,22,0.22,13.2
4/29/2018,59,27,0.27,15.93
4/30/2018,55,27,0.27,14.85
5/1/2018,60,27,0.27,16.2
5/2/2018,75,27,0.27,20.25
5/3/2018,100,27,0.27,27
5/4/2018,72,27,0.27,19.44
5/5/2018,66,27,0.27,17.82
5/6/2018,62,25,0.25,15.5
5/7/2018,65,25,0.25,16.25
5/8/2018,64,25,0.25,16
5/9/2018,63,25,0.25,15.75
5/10/2018,68,25,0.25,17
5/11/2018,71,25,0.25,17.75
5/12/2018,66,25,0.25,16.5
5/13/2018,68,25,0.25,17
5/14/2018,68,25,0.25,17
5/15/2018,72,25,0.25,18
5/16/2018,68,25,0.25,17
5/17/2018,64,25,0.25,16
5/18/2018,63,25,0.25,15.75
5/19/2018,59,25,0.25,14.75
5/20/2018,67,25,0.25,16.75
5/21/2018,70,25,0.25,17.5
5/22/2018,70,25,0.25,17.5
5/23/2018,63,25,0.25,15.75
5/24/2018,63,25,0.25,15.75
5/25/2018,62,25,0.25,15.5
5/26/2018,60,25,0.25,15
5/27/2018,59,23,0.23,13.57
5/28/2018,58,23,0.23,13.34
5/29/2018,58,23,0.23,13.34
5/30/2018,64,23,0.23,14.72
5/31/2018,64,23,0.23,14.72
6/1/2018,83,23,0.23,19.09
6/2/2018,81,23,0.23,18.63
6/3/2018,80,24,0.24,19.2
6/4/2018,81,24,0.24,19.44
6/5/2018,87,24,0.24,20.88
6/6/2018,100,24,0.24,24
6/7/2018,96,24,0.24,23.04
6/8/2018,87,24,0.24,20.88
6/9/2018,82,24,0.24,19.68
6/10/2018,85,24,0.24,20.4
6/11/2018,84,24,0.24,20.16
6/12/2018,97,24,0.24,23.28
6/13/2018,100,24,0.24,24
6/14/2018,86,24,0.24,20.64
6/15/2018,83,24,0.24,19.92
6/16/2018,78,24,0.24,18.72
6/17/2018,89,23,0.23,20.47
6/18/2018,86,23,0.23,19.78
6/19/2018,98,23,0.23,22.54
6/20/2018,88,23,0.23,20.24
6/21/2018,78,23,0.23,17.94
6/22/2018,79,23,0.23,18.17
6/23/2018,77,23,0.23,17.71
6/24/2018,76,24,0.24,18.24
6/25/2018,79,24,0.24,18.96
6/26/2018,81,24,0.24,19.44
6/27/2018,87,24,0.24,20.88
6/28/2018,95,24,0.24,22.8
6/29/2018,100,24,0.24,24
6/30/2018,86,24,0.24,20.64
7/1/2018,79,24,0.24,18.96
7/2/2018,100,24,0.24,24
7/3/2018,88,24,0.24,21.12
7/4/2018,79,24,0.24,18.96
7/5/2018,82,24,0.24,19.68
7/6/2018,82,24,0.24,19.68
7/7/2018,78,24,0.24,18.72
7/8/2018,81,25,0.25,20.25
7/9/2018,87,25,0.25,21.75
7/10/2018,95,25,0.25,23.75
7/11/2018,88,25,0.25,22
7/12/2018,83,25,0.25,20.75
7/13/2018,84,25,0.25,21
7/14/2018,79,25,0.25,19.75
7/15/2018,84,24,0.24,20.16
7/16/2018,84,24,0.24,20.16
7/17/2018,81,24,0.24,19.44
7/18/2018,80,24,0.24,19.2
7/19/2018,80,24,0.24,19.2
7/20/2018,83,24,0.24,19.92
7/21/2018,81,24,0.24,19.44
7/22/2018,82,24,0.24,19.68
7/23/2018,93,24,0.24,22.32
7/24/2018,88,24,0.24,21.12
7/25/2018,81,24,0.24,19.44
7/26/2018,80,24,0.24,19.2
7/27/2018,80,24,0.24,19.2
7/28/2018,80,24,0.24,19.2
7/29/2018,80,29,0.29,23.2
7/30/2018,87,29,0.29,25.23
7/31/2018,87,29,0.29,25.23
8/1/2018,68,29,0.29,19.72
8/2/2018,80,29,0.29,23.2
8/3/2018,60,29,0.29,17.4
8/4/2018,52,29,0.29,15.08
8/5/2018,51,32,0.32,16.32
8/6/2018,52,32,0.32,16.64
8/7/2018,91,32,0.32,29.12
8/8/2018,100,32,0.32,32
8/9/2018,71,32,0.32,22.72
8/10/2018,59,32,0.32,18.88
8/11/2018,54,32,0.32,17.28
8/12/2018,51,28,0.28,14.28
8/13/2018,57,28,0.28,15.96
8/14/2018,58,28,0.28,16.24
8/15/2018,57,28,0.28,15.96
8/16/2018,55,28,0.28,15.4
8/17/2018,72,28,0.28,20.16
8/18/2018,65,28,0.28,18.2
8/19/2018,56,28,0.28,15.68
8/20/2018,67,28,0.28,18.76
8/21/2018,63,28,0.28,17.64
8/22/2018,53,28,0.28,14.84
8/23/2018,53,28,0.28,14.84
8/24/2018,59,28,0.28,16.52
8/25/2018,58,28,0.28,16.24
8/26/2018,54,25,0.25,13.5
8/27/2018,57,25,0.25,14.25
8/28/2018,55,25,0.25,13.75
8/29/2018,52,25,0.25,13
8/30/2018,55,25,0.25,13.75
8/31/2018,51,25,0.25,12.75
9/1/2018,44,25,0.25,11
9/2/2018,43,30,0.3,12.9
9/3/2018,42,30,0.3,12.6
9/4/2018,47,30,0.3,14.1
9/5/2018,52,30,0.3,15.6
9/6/2018,48,30,0.3,14.4
9/7/2018,100,30,0.3,30
9/8/2018,85,30,0.3,25.5
9/9/2018,61,30,0.3,18.3
9/10/2018,67,30,0.3,20.1
9/11/2018,65,30,0.3,19.5
9/12/2018,60,30,0.3,18
9/13/2018,57,30,0.3,17.1
9/14/2018,53,30,0.3,15.9
9/15/2018,49,30,0.3,14.7
9/16/2018,46,26,0.26,11.96
9/17/2018,51,26,0.26,13.26
9/18/2018,57,26,0.26,14.82
9/19/2018,54,26,0.26,14.04
9/20/2018,52,26,0.26,13.52
9/21/2018,51,26,0.26,13.26
9/22/2018,48,26,0.26,12.48
9/23/2018,47,30,0.3,14.1
9/24/2018,47,30,0.3,14.1
9/25/2018,46,30,0.3,13.8
9/26/2018,46,30,0.3,13.8
9/27/2018,60,30,0.3,18
9/28/2018,89,30,0.3,26.7
9/29/2018,68,30,0.3,20.4
9/30/2018,81,33,0.33,26.73
10/1/2018,100,33,0.33,33
10/2/2018,88,33,0.33,29.04
10/3/2018,71,33,0.33,23.43
10/4/2018,70,33,0.33,23.1
10/5/2018,73,33,0.33,24.09
10/6/2018,65,33,0.33,21.45
10/7/2018,59,29,0.29,17.11
10/8/2018,71,29,0.29,20.59
10/9/2018,70,29,0.29,20.3
10/10/2018,71,29,0.29,20.59
10/11/2018,66,29,0.29,19.14
10/12/2018,69,29,0.29,20.01
10/13/2018,62,29,0.29,17.98
10/14/2018,64,27,0.27,17.28
10/15/2018,67,27,0.27,18.09
10/16/2018,65,27,0.27,17.55
10/17/2018,65,27,0.27,17.55
10/18/2018,63,27,0.27,17.01
10/19/2018,75,27,0.27,20.25
10/20/2018,64,27,0.27,17.28
10/21/2018,61,31,0.31,18.91
10/22/2018,63,31,0.31,19.53
10/23/2018,72,31,0.31,22.32
10/24/2018,91,31,0.31,28.21
10/25/2018,98,31,0.31,30.38
10/26/2018,82,31,0.31,25.42
10/27/2018,66,31,0.31,20.46
10/28/2018,60,26,0.26,15.6
10/29/2018,67,26,0.26,17.42
10/30/2018,66,26,0.26,17.16
10/31/2018,62,26,0.26,16.12
11/1/2018,94,26,0.26,24.44
11/2/2018,100,26,0.26,26
11/3/2018,91,26,0.26,23.66
11/4/2018,82,25,0.25,20.5
11/5/2018,94,25,0.25,23.5
11/6/2018,92,25,0.25,23
11/7/2018,87,25,0.25,21.75
11/8/2018,96,25,0.25,24
11/9/2018,98,25,0.25,24.5
11/10/2018,94,25,0.25,23.5
11/11/2018,86,24,0.24,20.64
11/12/2018,88,24,0.24,21.12
11/13/2018,88,24,0.24,21.12
11/14/2018,93,24,0.24,22.32
11/15/2018,91,24,0.24,21.84
11/16/2018,93,24,0.24,22.32
11/17/2018,90,24,0.24,21.6
11/18/2018,89,23,0.23,20.47
11/19/2018,89,23,0.23,20.47
11/20/2018,87,23,0.23,20.01
11/21/2018,89,23,0.23,20.47
11/22/2018,80,23,0.23,18.4
11/23/2018,80,23,0.23,18.4
11/24/2018,81,23,0.23,18.63
11/25/2018,80,23,0.23,18.4
11/26/2018,92,23,0.23,21.16
11/27/2018,90,23,0.23,20.7
11/28/2018,90,23,0.23,20.7
11/29/2018,91,23,0.23,20.93
11/30/2018,89,23,0.23,20.47
12/1/2018,80,23,0.23,18.4
12/2/2018,75,24,0.24,18
12/3/2018,83,24,0.24,19.92
12/4/2018,85,24,0.24,20.4
12/5/2018,89,24,0.24,21.36
12/6/2018,92,24,0.24,22.08
12/7/2018,87,24,0.24,20.88
12/8/2018,83,24,0.24,19.92
12/9/2018,85,25,0.25,21.25
12/10/2018,98,25,0.25,24.5
12/11/2018,89,25,0.25,22.25
12/12/2018,85,25,0.25,21.25
12/13/2018,85,25,0.25,21.25
12/14/2018,87,25,0.25,21.75
12/15/2018,84,25,0.25,21
12/16/2018,86,27,0.27,23.22
12/17/2018,88,27,0.27,23.76
12/18/2018,97,27,0.27,26.19
12/19/2018,100,27,0.27,27
12/20/2018,92,27,0.27,24.84
12/21/2018,94,27,0.27,25.38
12/22/2018,95,27,0.27,25.65
12/23/2018,99,28,0.28,27.72
12/24/2018,89,28,0.28,24.92
12/25/2018,94,28,0.28,26.32
12/26/2018,90,28,0.28,25.2
12/27/2018,99,28,0.28,27.72
12/28/2018,99,28,0.28,27.72
12/29/2018,93,28,0.28,26.04
12/30/2018,92,27,0.27,24.84
12/31/2018,88,27,0.27,23.76
1/1/2019,72,27,0.27,19.44
1/2/2019,95,27,0.27,25.65
1/3/2019,87,27,0.27,23.49
1/4/2019,85,27,0.27,22.95
1/5/2019,83,27,0.27,22.41
1/6/2019,85,27,0.27,22.95
1/7/2019,84,27,0.27,22.68
1/8/2019,85,27,0.27,22.95
1/9/2019,81,27,0.27,21.87
1/10/2019,83,27,0.27,22.41
1/11/2019,80,27,0.27,21.6
1/12/2019,74,27,0.27,19.98
1/13/2019,73,26,0.26,18.98
1/14/2019,76,26,0.26,19.76
1/15/2019,75,26,0.26,19.5
1/16/2019,72,26,0.26,18.72
1/17/2019,75,26,0.26,19.5
1/18/2019,100,26,0.26,26
1/19/2019,86,26,0.26,22.36
1/20/2019,74,24,0.24,17.76
1/21/2019,74,24,0.24,17.76
1/22/2019,77,24,0.24,18.48
1/23/2019,78,24,0.24,18.72
1/24/2019,75,24,0.24,18
1/25/2019,69,24,0.24,16.56
1/26/2019,72,24,0.24,17.28
1/27/2019,75,25,0.25,18.75
1/28/2019,72,25,0.25,18
1/29/2019,74,25,0.25,18.5
1/30/2019,89,25,0.25,22.25
1/31/2019,88,25,0.25,22
2/1/2019,67,25,0.25,16.75
2/2/2019,63,25,0.25,15.75
2/3/2019,62,25,0.25,15.5
2/4/2019,65,25,0.25,16.25
2/5/2019,66,25,0.25,16.5
2/6/2019,73,25,0.25,18.25
2/7/2019,69,25,0.25,17.25
2/8/2019,64,25,0.25,16
2/9/2019,64,25,0.25,16
2/10/2019,64,24,0.24,15.36
2/11/2019,65,24,0.24,15.6
2/12/2019,63,24,0.24,15.12
2/13/2019,64,24,0.24,15.36
2/14/2019,63,24,0.24,15.12
2/15/2019,63,24,0.24,15.12
2/16/2019,67,24,0.24,16.08
2/17/2019,66,25,0.25,16.5
2/18/2019,63,25,0.25,15.75
2/19/2019,63,25,0.25,15.75
2/20/2019,69,25,0.25,17.25
2/21/2019,66,25,0.25,16.5
2/22/2019,68,25,0.25,17
2/23/2019,62,25,0.25,15.5
2/24/2019,64,35,0.35,22.4
2/25/2019,64,35,0.35,22.4
2/26/2019,70,35,0.35,24.5
2/27/2019,65,35,0.35,22.75
2/28/2019,100,35,0.35,35
3/1/2019,86,35,0.35,30.1
3/2/2019,52,35,0.35,18.2
3/3/2019,45,35,0.35,15.75
3/4/2019,52,35,0.35,18.2
3/5/2019,45,35,0.35,15.75
3/6/2019,43,35,0.35,15.05
3/7/2019,43,35,0.35,15.05
3/8/2019,40,35,0.35,14
3/9/2019,39,35,0.35,13.65
3/10/2019,37,39,0.39,14.43
3/11/2019,41,39,0.39,15.99
3/12/2019,38,39,0.39,14.82
3/13/2019,35,39,0.39,13.65
3/14/2019,46,39,0.39,17.94
3/15/2019,100,39,0.39,39
3/16/2019,56,39,0.39,21.84
3/17/2019,46,33,0.33,15.18
3/18/2019,45,33,0.33,14.85
3/19/2019,42,33,0.33,13.86
3/20/2019,38,33,0.33,12.54
3/21/2019,39,33,0.33,12.87
3/22/2019,40,33,0.33,13.2
3/23/2019,39,33,0.33,12.87
3/24/2019,37,29,0.29,10.73
3/25/2019,37,29,0.29,10.73
3/26/2019,36,29,0.29,10.44
3/27/2019,35,29,0.29,10.15
3/28/2019,36,29,0.29,10.44
3/29/2019,36,29,0.29,10.44
3/30/2019,34,29,0.29,9.86
3/31/2019,34,31,0.31,10.54
4/1/2019,70,31,0.31,21.7
4/2/2019,69,31,0.31,21.39
4/3/2019,72,31,0.31,22.32
4/4/2019,89,31,0.31,27.59
4/5/2019,78,31,0.31,24.18
4/6/2019,68,31,0.31,21.08
4/7/2019,70,30,0.3,21
4/8/2019,73,30,0.3,21.9
4/9/2019,68,30,0.3,20.4
4/10/2019,68,30,0.3,20.4
4/11/2019,68,30,0.3,20.4
4/12/2019,78,30,0.3,23.4
4/13/2019,76,30,0.3,22.8
4/14/2019,68,28,0.28,19.04
4/15/2019,66,28,0.28,18.48
4/16/2019,64,28,0.28,17.92
4/17/2019,66,28,0.28,18.48
4/18/2019,67,28,0.28,18.76
4/19/2019,68,28,0.28,19.04
4/20/2019,70,28,0.28,19.6
4/21/2019,72,36,0.36,25.92
4/22/2019,93,36,0.36,33.48
4/23/2019,97,36,0.36,34.92
4/24/2019,100,36,0.36,36
4/25/2019,98,36,0.36,35.28
4/26/2019,82,36,0.36,29.52
4/27/2019,71,36,0.36,25.56
4/28/2019,71,31,0.31,22.01
4/29/2019,75,31,0.31,23.25
4/30/2019,72,31,0.31,22.32
5/1/2019,79,31,0.31,24.49
5/2/2019,78,31,0.31,24.18
5/3/2019,77,31,0.31,23.87
5/4/2019,70,31,0.31,21.7
5/5/2019,67,33,0.33,22.11
5/6/2019,68,33,0.33,22.44
5/7/2019,66,33,0.33,21.78
5/8/2019,67,33,0.33,22.11
5/9/2019,74,33,0.33,24.42
5/10/2019,100,33,0.33,33
5/11/2019,87,33,0.33,28.71
5/12/2019,77,31,0.31,23.87
5/13/2019,73,31,0.31,22.63
5/14/2019,72,31,0.31,22.32
5/15/2019,66,31,0.31,20.46
5/16/2019,68,31,0.31,21.08
5/17/2019,74,31,0.31,22.94
5/18/2019,70,31,0.31,21.7
5/19/2019,68,34,0.34,23.12
5/20/2019,75,34,0.34,25.5
5/21/2019,76,34,0.34,25.84
5/22/2019,81,34,0.34,27.54
5/23/2019,83,34,0.34,28.22
5/24/2019,80,34,0.34,27.2
5/25/2019,70,34,0.34,23.8
5/26/2019,71,31,0.31,22.01
5/27/2019,66,31,0.31,20.46
5/28/2019,71,31,0.31,22.01
5/29/2019,72,31,0.31,22.32
5/30/2019,68,31,0.31,21.08
5/31/2019,80,31,0.31,24.8
6/1/2019,78,31,0.31,24.18
6/2/2019,82,34,0.34,27.88
6/3/2019,94,34,0.34,31.96
6/4/2019,100,34,0.34,34
6/5/2019,93,34,0.34,31.62
6/6/2019,91,34,0.34,30.94
6/7/2019,95,34,0.34,32.3
6/8/2019,86,34,0.34,29.24
6/9/2019,82,32,0.32,26.24
6/10/2019,81,32,0.32,25.92
6/11/2019,85,32,0.32,27.2
6/12/2019,94,32,0.32,30.08
6/13/2019,83,32,0.32,26.56
6/14/2019,83,32,0.32,26.56
6/15/2019,82,32,0.32,26.24
6/16/2019,80,30,0.3,24
6/17/2019,82,30,0.3,24.6
6/18/2019,84,30,0.3,25.2
6/19/2019,83,30,0.3,24.9
6/20/2019,84,30,0.3,25.2
6/21/2019,81,30,0.3,24.3
6/22/2019,79,30,0.3,23.7
6/23/2019,84,30,0.3,25.2
6/24/2019,82,30,0.3,24.6
6/25/2019,83,30,0.3,24.9
6/26/2019,80,30,0.3,24
6/27/2019,77,30,0.3,23.1
6/28/2019,79,30,0.3,23.7
6/29/2019,81,30,0.3,24.3
6/30/2019,75,30,0.3,22.5
7/1/2019,70,30,0.3,21
7/2/2019,76,30,0.3,22.8
7/3/2019,86,30,0.3,25.8
7/4/2019,70,30,0.3,21
7/5/2019,70,30,0.3,21
7/6/2019,68,30,0.3,20.4
7/7/2019,67,30,0.3,20.1
7/8/2019,70,30,0.3,21
7/9/2019,67,30,0.3,20.1
7/10/2019,80,30,0.3,24
7/11/2019,73,30,0.3,21.9
7/12/2019,73,30,0.3,21.9
7/13/2019,75,30,0.3,22.5
7/14/2019,70,30,0.3,21
7/15/2019,70,30,0.3,21
7/16/2019,79,30,0.3,23.7
7/17/2019,78,30,0.3,23.4
7/18/2019,73,30,0.3,21.9
7/19/2019,77,30,0.3,23.1
7/20/2019,76,30,0.3,22.8
7/21/2019,70,32,0.32,22.4
7/22/2019,71,32,0.32,22.72
7/23/2019,73,32,0.32,23.36
7/24/2019,86,32,0.32,27.52
7/25/2019,100,32,0.32,32
7/26/2019,83,32,0.32,26.56
7/27/2019,75,32,0.32,24
7/28/2019,74,30,0.3,22.2
7/29/2019,71,30,0.3,21.3
7/30/2019,74,30,0.3,22.2
7/31/2019,70,30,0.3,21
8/1/2019,94,30,0.3,28.2
8/2/2019,93,30,0.3,27.9
8/3/2019,97,30,0.3,29.1
8/4/2019,94,29,0.29,27.26
8/5/2019,92,29,0.29,26.68
8/6/2019,90,29,0.29,26.1
8/7/2019,93,29,0.29,26.97
8/8/2019,92,29,0.29,26.68
8/9/2019,93,29,0.29,26.97
8/10/2019,94,29,0.29,27.26
8/11/2019,95,30,0.3,28.5
8/12/2019,97,30,0.3,29.1
8/13/2019,99,30,0.3,29.7
8/14/2019,94,30,0.3,28.2
8/15/2019,93,30,0.3,27.9
8/16/2019,95,30,0.3,28.5
8/17/2019,100,30,0.3,30
8/18/2019,98,30,0.3,29.4
8/19/2019,97,30,0.3,29.1
8/20/2019,97,30,0.3,29.1
8/21/2019,99,30,0.3,29.7
8/22/2019,99,30,0.3,29.7
8/23/2019,98,30,0.3,29.4
8/24/2019,93,30,0.3,27.9
8/25/2019,96,28,0.28,26.88
8/26/2019,91,28,0.28,25.48
8/27/2019,89,28,0.28,24.92
8/28/2019,91,28,0.28,25.48
8/29/2019,90,28,0.28,25.2
8/30/2019,94,28,0.28,26.32
8/31/2019,88,28,0.28,24.64
9/1/2019,77,28,0.28,21.56
9/2/2019,75,28,0.28,21
9/3/2019,77,28,0.28,21.56
9/4/2019,81,28,0.28,22.68
9/5/2019,84,28,0.28,23.52
9/6/2019,87,28,0.28,24.36
9/7/2019,86,28,0.28,24.08
9/8/2019,83,30,0.3,24.9
9/9/2019,84,30,0.3,25.2
9/10/2019,90,30,0.3,27
9/11/2019,87,30,0.3,26.1
9/12/2019,90,30,0.3,27
9/13/2019,89,30,0.3,26.7
9/14/2019,88,30,0.3,26.4
9/15/2019,85,30,0.3,25.5
9/16/2019,83,30,0.3,24.9
9/17/2019,88,30,0.3,26.4
9/18/2019,87,30,0.3,26.1
9/19/2019,91,30,0.3,27.3
9/20/2019,88,30,0.3,26.4
9/21/2019,90,30,0.3,27
9/22/2019,88,31,0.31,27.28
9/23/2019,87,31,0.31,26.97
9/24/2019,88,31,0.31,27.28
9/25/2019,86,31,0.31,26.66
9/26/2019,91,31,0.31,28.21
9/27/2019,98,31,0.31,30.38
9/28/2019,100,31,0.31,31
9/29/2019,99,32,0.32,31.68
9/30/2019,98,32,0.32,31.36
10/1/2019,68,32,0.32,21.76
10/2/2019,72,32,0.32,23.04
10/3/2019,75,32,0.32,24
10/4/2019,70,32,0.32,22.4
10/5/2019,67,32,0.32,21.44
10/6/2019,65,30,0.3,19.5
10/7/2019,66,30,0.3,19.8
10/8/2019,65,30,0.3,19.5
10/9/2019,63,30,0.3,18.9
10/10/2019,64,30,0.3,19.2
10/11/2019,64,30,0.3,19.2
10/12/2019,64,30,0.3,19.2
10/13/2019,62,30,0.3,18.6
10/14/2019,66,30,0.3,19.8
10/15/2019,65,30,0.3,19.5
10/16/2019,63,30,0.3,18.9
10/17/2019,67,30,0.3,20.1
10/18/2019,66,30,0.3,19.8
10/19/2019,63,30,0.3,18.9
10/20/2019,66,35,0.35,23.1
10/21/2019,64,35,0.35,22.4
10/22/2019,62,35,0.35,21.7
10/23/2019,76,35,0.35,26.6
10/24/2019,100,35,0.35,35
10/25/2019,88,35,0.35,30.8
10/26/2019,79,35,0.35,27.65
10/27/2019,73,31,0.31,22.63
10/28/2019,73,31,0.31,22.63
10/29/2019,67,31,0.31,20.77
10/30/2019,68,31,0.31,21.08
10/31/2019,62,31,0.31,19.22
11/1/2019,9,31,0.31,2.79
11/2/2019,9,31,0.31,2.79
11/3/2019,9,30,0.3,2.7
11/4/2019,9,30,0.3,2.7
11/5/2019,9,30,0.3,2.7
11/6/2019,10,30,0.3,3
11/7/2019,10,30,0.3,3
11/8/2019,10,30,0.3,3
11/9/2019,10,30,0.3,3
11/10/2019,9,33,0.33,2.97
11/11/2019,10,33,0.33,3.3
11/12/2019,10,33,0.33,3.3
11/13/2019,14,33,0.33,4.62
11/14/2019,11,33,0.33,3.63
11/15/2019,11,33,0.33,3.63
11/16/2019,10,33,0.33,3.3
11/17/2019,10,99,0.99,9.9
11/18/2019,11,99,0.99,10.89
11/19/2019,11,99,0.99,10.89
11/20/2019,11,99,0.99,10.89
11/21/2019,16,99,0.99,15.84
11/22/2019,100,99,0.99,99
11/23/2019,69,99,0.99,68.31
11/24/2019,51,100,1,51
11/25/2019,44,100,1,44
11/26/2019,34,100,1,34
11/27/2019,28,100,1,28
11/28/2019,26,100,1,26
11/29/2019,21,100,1,21
11/30/2019,20,100,1,20
12/1/2019,100,44,0.44,44
12/2/2019,84,44,0.44,36.96
12/3/2019,81,44,0.44,35.64
12/4/2019,78,44,0.44,34.32
12/5/2019,77,44,0.44,33.88
12/6/2019,75,44,0.44,33
12/7/2019,77,44,0.44,33.88
12/8/2019,76,38,0.38,28.88
12/9/2019,69,38,0.38,26.22
12/10/2019,68,38,0.38,25.84
12/11/2019,67,38,0.38,25.46
12/12/2019,68,38,0.38,25.84
12/13/2019,71,38,0.38,26.98
12/14/2019,70,38,0.38,26.6
12/15/2019,66,37,0.37,24.42
12/16/2019,67,37,0.37,24.79
12/17/2019,65,37,0.37,24.05
12/18/2019,64,37,0.37,23.68
12/19/2019,72,37,0.37,26.64
12/20/2019,74,37,0.37,27.38
12/21/2019,69,37,0.37,25.53
12/22/2019,75,43,0.43,32.25
12/23/2019,81,43,0.43,34.83
12/24/2019,82,43,0.43,35.26
12/25/2019,83,43,0.43,35.69
12/26/2019,74,43,0.43,31.82
12/27/2019,83,43,0.43,35.69
12/28/2019,77,43,0.43,33.11
12/29/2019,74,41,0.41,30.34
12/30/2019,76,41,0.41,31.16
12/31/2019,69,41,0.41,28.29
1/1/2020,61,41,0.41,25.01
1/2/2020,65,41,0.41,26.65
1/3/2020,67,41,0.41,27.47
1/4/2020,65,41,0.41,26.65
1/5/2020,58,39,0.39,22.62
1/6/2020,59,39,0.39,23.01
1/7/2020,68,39,0.39,26.52
1/8/2020,70,39,0.39,27.3
1/9/2020,71,39,0.39,27.69
1/10/2020,63,39,0.39,24.57
1/11/2020,58,39,0.39,22.62
1/12/2020,55,40,0.4,22
1/13/2020,69,40,0.4,27.6
1/14/2020,74,40,0.4,29.6
1/15/2020,68,40,0.4,27.2
1/16/2020,67,40,0.4,26.8
1/17/2020,63,40,0.4,25.2
1/18/2020,59,40,0.4,23.6
1/19/2020,63,42,0.42,26.46
1/20/2020,60,42,0.42,25.2
1/21/2020,65,42,0.42,27.3
1/22/2020,77,42,0.42,32.34
1/23/2020,78,42,0.42,32.76
1/24/2020,69,42,0.42,28.98
1/25/2020,60,42,0.42,25.2
1/26/2020,58,43,0.43,24.94
1/27/2020,59,43,0.43,25.37
1/28/2020,60,43,0.43,25.8
1/29/2020,74,43,0.43,31.82
1/30/2020,100,43,0.43,43
1/31/2020,78,43,0.43,33.54
2/1/2020,38,43,0.43,16.34
2/2/2020,33,67,0.67,22.11
2/3/2020,56,67,0.67,37.52
2/4/2020,100,67,0.67,67
2/5/2020,94,67,0.67,62.98
2/6/2020,73,67,0.67,48.91
2/7/2020,56,67,0.67,37.52
2/8/2020,40,67,0.67,26.8
2/9/2020,38,44,0.44,16.72
2/10/2020,46,44,0.44,20.24
2/11/2020,44,44,0.44,19.36
2/12/2020,41,44,0.44,18.04
2/13/2020,45,44,0.44,19.8
2/14/2020,42,44,0.44,18.48
2/15/2020,37,44,0.44,16.28
2/16/2020,37,45,0.45,16.65
2/17/2020,37,45,0.45,16.65
2/18/2020,42,45,0.45,18.9
2/19/2020,50,45,0.45,22.5
2/20/2020,47,45,0.45,21.15
2/21/2020,45,45,0.45,20.25
2/22/2020,39,45,0.45,17.55
2/23/2020,36,44,0.44,15.84
2/24/2020,44,44,0.44,19.36
2/25/2020,44,44,0.44,19.36
2/26/2020,41,44,0.44,18.04
2/27/2020,43,44,0.44,18.92
2/28/2020,48,44,0.44,21.12
2/29/2020,36,44,0.44,15.84
3/1/2020,74,39,0.39,28.86
3/2/2020,89,39,0.39,34.71
3/3/2020,92,39,0.39,35.88
3/4/2020,84,39,0.39,32.76
3/5/2020,85,39,0.39,33.15
3/6/2020,85,39,0.39,33.15
3/7/2020,75,39,0.39,29.25
3/8/2020,67,40,0.4,26.8
3/9/2020,100,40,0.4,40
3/10/2020,92,40,0.4,36.8
3/11/2020,83,40,0.4,33.2
3/12/2020,91,40,0.4,36.4
3/13/2020,91,40,0.4,36.4
3/14/2020,67,40,0.4,26.8
3/15/2020,61,37,0.37,22.57
3/16/2020,83,37,0.37,30.71
3/17/2020,79,37,0.37,29.23
3/18/2020,87,37,0.37,32.19
3/19/2020,91,37,0.37,33.67
3/20/2020,80,37,0.37,29.6
3/21/2020,60,37,0.37,22.2
3/22/2020,55,30,0.3,16.5
3/23/2020,71,30,0.3,21.3
3/24/2020,73,30,0.3,21.9
3/25/2020,72,30,0.3,21.6
3/26/2020,70,30,0.3,21
3/27/2020,63,30,0.3,18.9
3/28/2020,52,30,0.3,15.6
3/29/2020,51,28,0.28,14.28
3/30/2020,60,28,0.28,16.8
3/31/2020,60,28,0.28,16.8
4/1/2020,70,28,0.28,19.6
4/2/2020,75,28,0.28,21
4/3/2020,77,28,0.28,21.56
4/4/2020,54,28,0.28,15.12
4/5/2020,52,25,0.25,13
4/6/2020,67,25,0.25,16.75
4/7/2020,66,25,0.25,16.5
4/8/2020,69,25,0.25,17.25
4/9/2020,67,25,0.25,16.75
4/10/2020,60,25,0.25,15
4/11/2020,55,25,0.25,13.75
4/12/2020,54,29,0.29,15.66
4/13/2020,70,29,0.29,20.3
4/14/2020,86,29,0.29,24.94
4/15/2020,83,29,0.29,24.07
4/16/2020,77,29,0.29,22.33
4/17/2020,76,29,0.29,22.04
4/18/2020,63,29,0.29,18.27
4/19/2020,61,28,0.28,17.08
4/20/2020,74,28,0.28,20.72
4/21/2020,77,28,0.28,21.56
4/22/2020,74,28,0.28,20.72
4/23/2020,71,28,0.28,19.88
4/24/2020,67,28,0.28,18.76
4/25/2020,59,28,0.28,16.52
4/26/2020,61,36,0.36,21.96
4/27/2020,74,36,0.36,26.64
4/28/2020,78,36,0.36,28.08
4/29/2020,92,36,0.36,33.12
4/30/2020,100,36,0.36,36
5/1/2020,100,36,0.36,36
5/2/2020,89,36,0.36,32.04
5/3/2020,66,33,0.33,21.78
5/4/2020,73,33,0.33,24.09
5/5/2020,73,33,0.33,24.09
5/6/2020,74,33,0.33,24.42
5/7/2020,70,33,0.33,23.1
5/8/2020,73,33,0.33,24.09
5/9/2020,68,33,0.33,22.44
5/10/2020,72,34,0.34,24.48
5/11/2020,81,34,0.34,27.54
5/12/2020,83,34,0.34,28.22
5/13/2020,77,34,0.34,26.18
5/14/2020,69,34,0.34,23.46
5/15/2020,68,34,0.34,23.12
5/16/2020,63,34,0.34,21.42
5/17/2020,58,29,0.29,16.82
5/18/2020,65,29,0.29,18.85
5/19/2020,63,29,0.29,18.27
5/20/2020,61,29,0.29,17.69
5/21/2020,63,29,0.29,18.27
5/22/2020,61,29,0.29,17.69
5/23/2020,62,29,0.29,17.98
5/24/2020,60,35,0.35,21
5/25/2020,61,35,0.35,21.35
5/26/2020,66,35,0.35,23.1
5/27/2020,90,35,0.35,31.5
5/28/2020,77,35,0.35,26.95
5/29/2020,71,35,0.35,24.85
5/30/2020,95,35,0.35,33.25
5/31/2020,90,35,0.35,31.5
6/1/2020,75,35,0.35,26.25
6/2/2020,71,35,0.35,24.85
6/3/2020,65,35,0.35,22.75
6/4/2020,68,35,0.35,23.8
6/5/2020,68,35,0.35,23.8
6/6/2020,69,35,0.35,24.15
6/7/2020,68,41,0.41,27.88
6/8/2020,79,41,0.41,32.39
6/9/2020,81,41,0.41,33.21
6/10/2020,100,41,0.41,41
6/11/2020,98,41,0.41,40.18
6/12/2020,86,41,0.41,35.26
6/13/2020,75,41,0.41,30.75
6/14/2020,72,37,0.37,26.64
6/15/2020,75,37,0.37,27.75
6/16/2020,77,37,0.37,28.49
6/17/2020,75,37,0.37,27.75
6/18/2020,72,37,0.37,26.64
6/19/2020,76,37,0.37,28.12
6/20/2020,67,37,0.37,24.79
6/21/2020,74,36,0.36,26.64
6/22/2020,72,36,0.36,25.92
6/23/2020,71,36,0.36,25.56
6/24/2020,73,36,0.36,26.28
6/25/2020,72,36,0.36,25.92
6/26/2020,71,36,0.36,25.56
6/27/2020,71,36,0.36,25.56
6/28/2020,69,41,0.41,28.29
6/29/2020,71,41,0.41,29.11
6/30/2020,78,41,0.41,31.98
7/1/2020,59,41,0.41,24.19
7/2/2020,75,41,0.41,30.75
7/3/2020,58,41,0.41,23.78
7/4/2020,48,41,0.41,19.68
7/5/2020,50,50,0.5,25
7/6/2020,74,50,0.5,37
7/7/2020,79,50,0.5,39.5
7/8/2020,65,50,0.5,32.5
7/9/2020,59,50,0.5,29.5
7/10/2020,76,50,0.5,38
7/11/2020,67,50,0.5,33.5
7/12/2020,61,56,0.56,34.16
7/13/2020,95,56,0.56,53.2
7/14/2020,89,56,0.56,49.84
7/15/2020,72,56,0.56,40.32
7/16/2020,68,56,0.56,38.08
7/17/2020,65,56,0.56,36.4
7/18/2020,54,56,0.56,30.24
7/19/2020,51,56,0.56,28.56
7/20/2020,68,56,0.56,38.08
7/21/2020,73,56,0.56,40.88
7/22/2020,100,56,0.56,56
7/23/2020,97,56,0.56,54.32
7/24/2020,80,56,0.56,44.8
7/25/2020,59,56,0.56,33.04
7/26/2020,53,43,0.43,22.79
7/27/2020,66,43,0.43,28.38
7/28/2020,64,43,0.43,27.52
7/29/2020,59,43,0.43,25.37
7/30/2020,58,43,0.43,24.94
7/31/2020,60,43,0.43,25.8
8/1/2020,38,43,0.43,16.34
8/2/2020,39,39,0.39,15.21
8/3/2020,45,39,0.39,17.55
8/4/2020,41,39,0.39,15.99
8/5/2020,38,39,0.39,14.82
8/6/2020,38,39,0.39,14.82
8/7/2020,39,39,0.39,15.21
8/8/2020,35,39,0.39,13.65
8/9/2020,35,45,0.45,15.75
8/10/2020,38,45,0.45,17.1
8/11/2020,43,45,0.45,19.35
8/12/2020,59,45,0.45,26.55
8/13/2020,53,45,0.45,23.85
8/14/2020,48,45,0.45,21.6
8/15/2020,40,45,0.45,18
8/16/2020,39,55,0.55,21.45
8/17/2020,53,55,0.55,29.15
8/18/2020,61,55,0.55,33.55
8/19/2020,57,55,0.55,31.35
8/20/2020,63,55,0.55,34.65
8/21/2020,69,55,0.55,37.95
8/22/2020,48,55,0.55,26.4
8/23/2020,43,55,0.55,23.65
8/24/2020,60,55,0.55,33
8/25/2020,56,55,0.55,30.8
8/26/2020,56,55,0.55,30.8
8/27/2020,61,55,0.55,33.55
8/28/2020,63,55,0.55,34.65
8/29/2020,51,55,0.55,28.05
8/30/2020,47,77,0.77,36.19
8/31/2020,100,77,0.77,77
9/1/2020,95,77,0.77,73.15
9/2/2020,82,77,0.77,63.14
9/3/2020,82,77,0.77,63.14
9/4/2020,83,77,0.77,63.91
9/5/2020,50,77,0.77,38.5
9/6/2020,42,65,0.65,27.3
9/7/2020,48,65,0.65,31.2
9/8/2020,86,65,0.65,55.9
9/9/2020,89,65,0.65,57.85
9/10/2020,71,65,0.65,46.15
9/11/2020,63,65,0.65,40.95
9/12/2020,43,65,0.65,27.95
9/13/2020,40,53,0.53,21.2
9/14/2020,56,53,0.53,29.68
9/15/2020,64,53,0.53,33.92
9/16/2020,59,53,0.53,31.27
9/17/2020,55,53,0.53,29.15
9/18/2020,58,53,0.53,30.74
9/19/2020,42,53,0.53,22.26
9/20/2020,40,69,0.69,27.6
9/21/2020,65,69,0.69,44.85
9/22/2020,100,69,0.69,69
9/23/2020,99,69,0.69,68.31
9/24/2020,71,69,0.69,48.99
9/25/2020,60,69,0.69,41.4
9/26/2020,43,69,0.69,29.67
9/27/2020,40,49,0.49,19.6
9/28/2020,52,49,0.49,25.48
9/29/2020,51,49,0.49,24.99
9/30/2020,48,49,0.49,23.52
10/1/2020,89,49,0.49,43.61
10/2/2020,100,49,0.49,49
10/3/2020,75,49,0.49,36.75
10/4/2020,70,44,0.44,30.8
10/5/2020,87,44,0.44,38.28
10/6/2020,83,44,0.44,36.52
10/7/2020,87,44,0.44,38.28
10/8/2020,80,44,0.44,35.2
10/9/2020,80,44,0.44,35.2
10/10/2020,66,44,0.44,29.04
10/11/2020,64,43,0.43,27.52
10/12/2020,78,43,0.43,33.54
10/13/2020,80,43,0.43,34.4
10/14/2020,80,43,0.43,34.4
10/15/2020,96,43,0.43,41.28
10/16/2020,90,43,0.43,38.7
10/17/2020,69,43,0.43,29.67
10/18/2020,66,44,0.44,29.04
10/19/2020,78,44,0.44,34.32
10/20/2020,82,44,0.44,36.08
10/21/2020,100,44,0.44,44
10/22/2020,99,44,0.44,43.56
10/23/2020,83,44,0.44,36.52
10/24/2020,65,44,0.44,28.6
10/25/2020,61,36,0.36,21.96
10/26/2020,73,36,0.36,26.28
10/27/2020,70,36,0.36,25.2
10/28/2020,70,36,0.36,25.2
10/29/2020,69,36,0.36,24.84
10/30/2020,71,36,0.36,25.56
10/31/2020,55,36,0.36,19.8
11/1/2020,69,34,0.34,23.46
11/2/2020,90,34,0.34,30.6
11/3/2020,87,34,0.34,29.58
11/4/2020,75,34,0.34,25.5
11/5/2020,80,34,0.34,27.2
11/6/2020,94,34,0.34,31.96
11/7/2020,77,34,0.34,26.18
11/8/2020,73,37,0.37,27.01
11/9/2020,100,37,0.37,37
11/10/2020,97,37,0.37,35.89
11/11/2020,88,37,0.37,32.56
11/12/2020,87,37,0.37,32.19
11/13/2020,91,37,0.37,33.67
11/14/2020,78,37,0.37,28.86
